"Name","Price","URL"
"Protector Solar Sun Fresh Derm Care Sin Color Fps ...","$14.43


                        
                            (Oferta)","https://www.fybeca.com/protector-solar-sun-fresh-derm-care-sin-color-fps-70-40-g-1-unidad/ECFY_527574.html"
"Protector Solar Eucerin Control Facial FPS50","$29.99


                        
                            (Oferta)","https://www.fybeca.com/protector-solar-eucerin-control-facial-fps50/ECFY_295996.html"
"Protector Solar Anthelios Xl Gel-crema Toque Seco ...","$26.58


                        
                            (Oferta)","https://www.fybeca.com/protector-solar-anthelios-xl-gel-crema-toque-seco-con-color-50-ml-1-unidad/ECFY_100115634.html"
"Protector Solar Sun Fresh Derm Care Tono Claro Fps...","$14.43


                        
                            (Oferta)","https://www.fybeca.com/protector-solar-sun-fresh-derm-care-tono-claro-fps-70-40-g-unidad/ECFY_527577.html"
"Protector Labial Ph5 4.8 G 1 Unidad","$7.85


                        
                            (Oferta)","https://www.fybeca.com/protector-labial-ph5-4.8-g-1-unidad/ECFY_90568.html"
"Protector Solar Advanced Gel Spf 50 50 Ml 1 Unidad","$12.95


                        
                            (Oferta)","https://www.fybeca.com/protector-solar-advanced-gel-spf-50-50-ml-1-unidad/ECFY_100160660.html"
